Doc_ID,URL,Content
0,https://medium.com/@wisewolf_fund/unique-trends-to-look-out-for-with-artificial-intelligence-1db3de178463?source=---------0----------------,GAME-CHANGING TRENDS TO LOOK OUT FOR WITH¬†AIArtificial Intelligence is a state-of-the-art technological trend that many
1,https://medium.com/swlh/chatbots-were-the-next-big-thing-what-happened-5fc49dd6fa61?source=---------1----------------,"Chatbots were the next big thing: what happened?Oh, how the headlines blared:‚Äú‚Ä¶the 2016 bot"
2,https://blog.insightdatascience.com/reinforcement-learning-from-scratch-819b65f074d8?source=---------2----------------,Reinforcement Learning from¬†scratchInspired by a great tutorial at O‚ÄôReilly AI
3,https://towardsdatascience.com/intuitively-understanding-convolutions-for-deep-learning-1f6f42faee1?source=---------3----------------,Intuitively Understanding Convolutions for Deep¬†LearningExploring the strong visual hierarchies that
4,https://uxdesign.cc/an-intro-to-machine-learning-for-designers-5c74ba100257?source=---------4----------------,An intro to Machine Learning for designersThe basics of machine learning and how to apply it to the
5,https://blog.usejournal.com/what-i-learned-from-interviewing-at-multiple-ai-companies-and-start-ups-a9620415e4cc?source=---------5----------------,What I learned from interviewing at multiple AI companies and start-upsa
6,https://towardsdatascience.com/using-deep-q-learning-in-fifa-18-to-perfect-the-art-of-free-kicks-f2e4e979ee66?source=---------6----------------,Using Deep Q-Learning in FIFA 18 to perfect the art of free-kicksa
7,https://towardsdatascience.com/must-know-information-theory-concepts-in-deep-learning-ai-e54a5da9769d?source=---------7----------------,Must know Information Theory concepts in Deep Learning¬†(AI)a
8,https://medium.com/@LanceUlanoff/did-google-duplex-just-pass-the-turing-test-ffcfe6868b02?source=---------8----------------,Did Google Duplex just pass the Turing¬†Test?This conversational AI changes everything
9,https://towardsdatascience.com/how-to-build-your-own-neural-network-from-scratch-in-python-68998a08e4f6?source=---------9----------------,How to build your own Neural Network from scratch in¬†PythonA beginner‚Äôs guide to understanding the
10,https://heartbeat.fritz.ai/the-7-nlp-techniques-that-will-change-how-you-communicate-in-the-future-part-i-f0114b2f0497?source=---------10----------------,The 7 NLP Techniques That Will Change How You Communicate in the Future (Part¬†I)What is NLP?
11,https://medium.com/nanonets/how-we-flew-a-drone-to-monitor-construction-projects-in-africa-using-deep-learning-b792f5c9c471?source=---------11----------------,How to easily automate Drone-based monitoring using Deep¬†LearningThis article is a comprehensive overview of using deep learning based object detection methods for aerial imagery via drones.
12,https://medium.com/@matrixainetwork/matrix-unveils-partnership-driven-development-roadmap-at-gbls-1dc0f66e7c2f?source=---------12----------------,MATRIX unveils partnership-driven development roadmap at¬†GBLSa
13,https://towardsdatascience.com/the-10-statistical-techniques-data-scientists-need-to-master-1ef6dbd531f7?source=---------13----------------,The 10 Statistical Techniques Data Scientists Need to¬†Mastera
14,https://towardsdatascience.com/why-data-scientists-love-gaussian-6e7a7b726859?source=---------14----------------,Why Data Scientists love Gaussian?Three main reasons why Gaussian distribution is so popular with
15,https://towardsdatascience.com/who-is-going-to-make-money-in-ai-part-i-77a2f30b8cef?source=---------15----------------,Who Is Going To Make Money In AI? Part¬†IWe arethe midst of a gold rushAI. But who will reap the economic benefits? The
16,https://uxplanet.org/the-impact-of-ai-on-ux-design-in-2018-c62e4c5e4242?source=---------16----------------,The impact of AI on UX design in¬†20183 suggestions for improving machine and human coexistence
17,https://medium.com/manifold-ai/torus-a-toolkit-for-docker-first-data-science-bddcb4c97b52?source=---------17----------------,Torus: A Toolkit For Docker-First Data¬†ScienceApplying DevOps best practices to machine learning
18,https://towardsdatascience.com/googles-automl-will-change-how-businesses-use-machine-learning-c7d72257aba9?source=---------18----------------,Google‚Äôs AutoML will change how businesses use Machine¬†LearningGoogle‚Äôs AutoML is a new up-and-coming (alpha stage) cloud software suite of Machine Learning tools. It‚Äôs based on Google‚Äôs state-of-the-art researchimage recognition called Neural Architecture Search (NAS). NAS is
19,https://medium.com/@mijordan3/artificial-intelligence-the-revolution-hasnt-happened-yet-5e1d5812e1e7?source=---------19----------------,Artificial Intelligence‚Ää‚Äî‚ÄäThe Revolution Hasn‚Äôt Happened¬†Yeta
20,https://medium.freecodecamp.org/every-single-machine-learning-course-on-the-internet-ranked-by-your-reviews-3c4a7b8026c0?source=---------20----------------,"Every single Machine Learning course on the internet, ranked by your¬†reviewsa"
21,https://medium.com/huggingface/artificial-intelligence-needs-values-here-are-ours-dc4268366d0f?source=---------21----------------,Artificial Intelligence Needs Values. Here Are¬†Ours!a
22,https://medium.com/@lizzie_turner/lets-talk-about-machine-learning-ddca914e9dd1?source=---------22----------------,"Machine Learning: A¬†PrimerThe simple introduction to AI, machine learning, and more."
23,https://hackernoon.com/5-cutting-edge-technologies-that-will-transform-how-you-manage-and-lead-teams-8e205edf7ae3?source=---------23----------------,5 Cutting-Edge Technologies That Will Transform How You Manage and Lead¬†Teamsa
24,https://medium.com/@ageitgey/the-real-scandal-of-ai-awful-stock-photos-456633b9b0fc?source=---------24----------------,The Real Scandal of AI: Awful Stock¬†PhotosThere‚Äôs been a lot of talk recently about whether or not AI research isa bubble
25,https://hackernoon.com/why-ai-will-bring-an-explosion-of-new-jobs-11dc203890b?source=---------25----------------,Why AI Will Bring an Explosion of New¬†JobsAI terrifies a lot of people.
26,https://medium.com/machine-learning-for-humans/why-machine-learning-matters-6164faf1df12?source=---------26----------------,"A Beginner‚Äôs Guide to AI/ML¬†ü§ñüë∂The ultimate guide to machine learning. Simple, plain-English"
27,https://towardsdatascience.com/when-your-job-is-done-as-a-data-scientist-c5d887bb0d0e?source=---------27----------------,When Your Job Is Done as a Data ScientistHow to deal with uncertainty and ship impactful work
28,https://towardsdatascience.com/drawing-anime-girls-with-deep-learning-4fa6523eb4d4?source=---------28----------------,Drawing Anime Girls With Deep¬†LearningThis article is about a side project by Mary Kate MacPherson. We like to do side projects
29,https://medium.com/@ageitgey/machine-learning-is-fun-part-4-modern-face-recognition-with-deep-learning-c3cffc121d78?source=---------29----------------,Machine Learning is Fun! Part 4: Modern Face Recognition with Deep¬†Learninga
30,https://heartbeat.fritz.ai/data-preprocessing-and-visualization-implications-for-your-machine-learning-model-8dfbaaa51423?source=---------30----------------,Data Preprocessing and Visualization: Implications for your machine learning¬†modela
31,https://medium.com/emergent-future/simple-reinforcement-learning-with-tensorflow-part-0-q-learning-with-tables-and-neural-networks-d195264329d0?source=---------31----------------,Simple Reinforcement Learning with Tensorflow Part 0: Q-Learning with Tables and Neural¬†Networksa
32,https://towardsdatascience.com/word2vec-a-baby-step-in-deep-learning-but-a-giant-leap-towards-natural-language-processing-40fe4e8602ba?source=---------32----------------,Word2Vec a baby step in Deep Learning but a giant leap towards Natural Language Processinga
,,
34,https://towardsdatascience.com/in-depth-summary-of-facebook-ais-music-translation-model-7516a0c3f2ce?source=---------34----------------,In-depth Summary of Facebook AI‚Äôs Music Translation Modela
35,https://medium.com/neodotlife/koniku-biological-chips-osh-agabi-f1de4bf48fa7?source=---------35----------------,The Birth of¬†WetwareForget what you may have heard about neural networkssoftware. This startup is
36,https://becominghuman.ai/cheat-sheets-for-ai-neural-networks-machine-learning-deep-learning-big-data-678c51b4b463?source=---------36----------------,"Cheat Sheets for AI, Neural Networks, Machine Learning, Deep Learning & Big¬†DataThe Most Complete List of Best AI Cheat SheetsOver the past few months, I have been collecting AI cheat sheets. From time to time I"
37,https://medium.com/lux-capital/mind-control-343b5d5f148f?source=---------37----------------,"Mind ControlBy Josh WolfeWe forget that technology even at its most useful can be alien, unnatural and awkward. Under"
38,https://medium.com/iotforall/the-difference-between-artificial-intelligence-machine-learning-and-deep-learning-3aa67bff5991?source=---------38----------------,"The Difference Between Artificial Intelligence, Machine Learning, and Deep¬†LearningSimple explanations of Artificial Intelligence, Machine Learning, and Deep Learning and how they‚Äôre all different"
39,https://towardsdatascience.com/building-a-deep-neural-network-to-play-fifa-18-dce54d45e675?source=---------39----------------,Building a Deep Neural Network to play FIFA¬†18A.I. botsgaming are usually built by hand-coding a bunch of rules that
40,https://towardsdatascience.com/interpretability-vs-accuracy-the-friction-that-defines-deep-learning-dae16c84db5c?source=---------40----------------,Interpretability vs. Accuracy: The Friction that Defines Deep¬†Learninga
41,https://medium.com/@codeorg/alan-turing-celebrating-diversity-in-computer-science-8cfc685955e2?source=---------41----------------,Alan Turing‚Ää‚Äî‚ÄäCelebrating diversity in computer¬†sciencea
42,https://medium.com/machine-learning-for-humans/supervised-learning-740383a2feab?source=---------42----------------,"Machine Learning for Humans, Part 2.1: Supervised LearningThe two tasks of supervised learning"
43,https://medium.com/@trentmc0/nature-2-0-27bdf8238071?source=---------43----------------,Nature 2.0The Cradle of Civilization Gets an Upgrade
44,https://medium.com/@daneel_project/daneel-joins-the-enterprise-ethereum-alliance-a31589a34402?source=---------44----------------,Daneel Joins The Enterprise Ethereum¬†AllianceWe‚Äôre excited to announce that Daneel has joined the Enterprise Ethereum
45,https://medium.com/@ageitgey/machine-learning-is-fun-part-2-a26a10b68df3?source=---------45----------------,Machine Learning is Fun! Part¬†2Using Machine Learning to generate Super Mario Maker levels
46,https://towardsdatascience.com/ai-beyond-the-hype-3fd6b4b16c3c?source=---------46----------------,Artificial Intelligence: beyond the¬†hypeHow is Artificial Intelligence impacting our world? What are
47,https://medium.com/@matrixainetwork,MATRIX Monthly Report for May¬†2018ReferenceÔºöWebsite | Telegram | Twitter | Reddit | Technical White Paper
48,https://towardsdatascience.com/the-4-machine-learning-skills-you-wont-learn-in-school-or-moocs-c641cae24f1f?source=---------48----------------,The 4 Machine Learning Skills You Won‚Äôt Learn in School or¬†MOOCsa
49,https://medium.com/nanonets/topic-modeling-with-lsa-psla-lda-and-lda2vec-555ff65b0b05?source=---------49----------------,"How to easily do Topic Modeling with LSA, PLSA, LDA &¬†lda2VecThis article is a comprehensive overview of Topic Modeling and its associated techniques."
50,https://medium.com/swlh/chatbots-were-the-next-big-thing-what-happened-5fc49dd6fa61?source=---------0----------------,"Chatbots were the next big thing: what happened?Oh, how the headlines blared:‚Äú‚Ä¶the 2016 bot"
51,https://towardsdatascience.com/python-for-data-science-8-concepts-you-may-have-forgotten-i-did-825966908393?source=---------1----------------,Python for Data Science: 8 Concepts You May Have ForgottenMastering the little thingsPython
52,https://blog.insightdatascience.com/reinforcement-learning-from-scratch-819b65f074d8?source=---------2----------------,Reinforcement Learning from¬†scratchInspired by a great tutorial at O‚ÄôReilly AI
53,https://towardsdatascience.com/intuitively-understanding-convolutions-for-deep-learning-1f6f42faee1?source=---------3----------------,Intuitively Understanding Convolutions for Deep¬†LearningExploring the strong visual hierarchies that
54,https://medium.freecodecamp.org/machine-learning-how-to-go-from-zero-to-hero-40e26f8aa6da?source=---------4----------------,Machine Learning: how to go from Zero to¬†HeroStart with ‚ÄúWhy?‚Äù and end with ‚ÄúI‚Äôm ready!‚Äù
55,https://uxdesign.cc/an-intro-to-machine-learning-for-designers-5c74ba100257?source=---------5----------------,An intro to Machine Learning for designersThe basics of machine learning and how to apply it to the
56,https://towardsdatascience.com/automated-feature-engineering-in-python-99baf11cc219?source=---------6----------------,Automated Feature Engineering in¬†PythonHow to automatically create machine learning features
57,https://blog.usejournal.com/what-i-learned-from-interviewing-at-multiple-ai-companies-and-start-ups-a9620415e4cc?source=---------7----------------,What I learned from interviewing at multiple AI companies and start-upsa
58,https://towardsdatascience.com/must-know-information-theory-concepts-in-deep-learning-ai-e54a5da9769d?source=---------8----------------,Must know Information Theory concepts in Deep Learning¬†(AI)a
59,https://towardsdatascience.com/using-deep-q-learning-in-fifa-18-to-perfect-the-art-of-free-kicks-f2e4e979ee66?source=---------9----------------,Using Deep Q-Learning in FIFA 18 to perfect the art of free-kicksa
60,https://towardsdatascience.com/how-to-build-your-own-neural-network-from-scratch-in-python-68998a08e4f6?source=---------10----------------,How to build your own Neural Network from scratch in¬†PythonA beginner‚Äôs guide to understanding the
61,https://towardsdatascience.com/going-dutch-how-i-used-data-science-and-machine-learning-to-find-an-apartment-in-amsterdam-part-def30d6799e4?source=---------11----------------,Going Dutch: How I Used Data Science and Machine Learning to Find an Apartment in Amsterdam‚Ää‚Äî‚ÄäPart¬†Ia
62,https://medium.com/nanonets/how-we-flew-a-drone-to-monitor-construction-projects-in-africa-using-deep-learning-b792f5c9c471?source=---------12----------------,How to easily automate Drone-based monitoring using Deep¬†LearningThis article is a comprehensive overview of using deep learning based object detection methods for aerial imagery via drones.
63,https://heartbeat.fritz.ai/the-7-nlp-techniques-that-will-change-how-you-communicate-in-the-future-part-i-f0114b2f0497?source=---------13----------------,The 7 NLP Techniques That Will Change How You Communicate in the Future (Part¬†I)What is NLP?
64,https://towardsdatascience.com/a-complete-machine-learning-walk-through-in-python-part-one-c62152f39420?source=---------14----------------,A Complete Machine Learning Walk-Through in Python: Part¬†OnePutting the machine learning pieces
65,https://towardsdatascience.com/why-data-scientists-love-gaussian-6e7a7b726859?source=---------15----------------,Why Data Scientists love Gaussian?Three main reasons why Gaussian distribution is so popular with
66,https://towardsdatascience.com/the-10-statistical-techniques-data-scientists-need-to-master-1ef6dbd531f7?source=---------16----------------,The 10 Statistical Techniques Data Scientists Need to¬†Mastera
67,https://towardsdatascience.com/a-tour-of-the-top-10-algorithms-for-machine-learning-newbies-dde4edffae11?source=---------17----------------,A Tour of The Top 10 Algorithms for Machine Learning¬†Newbiesa
68,https://towardsdatascience.com/who-is-going-to-make-money-in-ai-part-i-77a2f30b8cef?source=---------18----------------,Who Is Going To Make Money In AI? Part¬†IWe arethe midst of a gold rushAI. But who will reap the economic benefits? The
69,https://medium.com/@ageitgey/machine-learning-is-fun-80ea3ec3c471?source=---------19----------------,Machine Learning is¬†Fun!The world‚Äôs easiest introduction to Machine Learning
70,https://towardsdatascience.com/data-science-leaders-there-are-too-many-of-you-37bff8088505?source=---------20----------------,Data Science Leaders: There are too many of¬†youa
71,https://towardsdatascience.com/googles-automl-will-change-how-businesses-use-machine-learning-c7d72257aba9?source=---------21----------------,Google‚Äôs AutoML will change how businesses use Machine¬†LearningGoogle‚Äôs AutoML is a new up-and-coming (alpha stage) cloud software suite of Machine Learning tools. It‚Äôs based on Google‚Äôs state-of-the-art researchimage recognition called Neural Architecture Search (NAS). NAS is
72,https://medium.freecodecamp.org/every-single-machine-learning-course-on-the-internet-ranked-by-your-reviews-3c4a7b8026c0?source=---------22----------------,"Every single Machine Learning course on the internet, ranked by your¬†reviewsa"
73,https://medium.com/manifold-ai/torus-a-toolkit-for-docker-first-data-science-bddcb4c97b52?source=---------23----------------,Torus: A Toolkit For Docker-First Data¬†ScienceApplying DevOps best practices to machine learning
74,https://medium.com/@mijordan3/artificial-intelligence-the-revolution-hasnt-happened-yet-5e1d5812e1e7?source=---------24----------------,Artificial Intelligence‚Ää‚Äî‚ÄäThe Revolution Hasn‚Äôt Happened¬†Yeta
75,https://towardsdatascience.com/unsupervised-learning-with-python-173c51dc7f03?source=---------25----------------,Unsupervised Learning with¬†PythonUnsupervised Learning is a class of Machine Learning techniques to find the patternsdata. The
76,https://medium.com/mozilla-open-innovation/more-common-voices-24a80c879944?source=---------26----------------,"More Common¬†VoicesToday we are excited to announce that Common Voice, Mozilla‚Äôs initiative to crowdsource a large dataset of human voices for"
77,https://medium.com/machine-learning-for-humans/why-machine-learning-matters-6164faf1df12?source=---------27----------------,"A Beginner‚Äôs Guide to AI/ML¬†ü§ñüë∂The ultimate guide to machine learning. Simple, plain-English"
78,https://medium.com/tensorflow/upcoming-tensorflow-events-in-june-and-beyond-103249d41149?source=---------28----------------,"Upcoming TensorFlow events in June and¬†beyondUpcoming  eventsJune and beyondBy Marcus Chang, Program ManagerDo you want to learn more about , chat with members of the team, and meet other developers? Join us at any of these upcoming events! Here are some of the places the  team"
79,https://medium.com/@lizzie_turner/lets-talk-about-machine-learning-ddca914e9dd1?source=---------29----------------,"Machine Learning: A¬†PrimerThe simple introduction to AI, machine learning, and more."
80,https://towardsdatascience.com/drawing-anime-girls-with-deep-learning-4fa6523eb4d4?source=---------30----------------,Drawing Anime Girls With Deep¬†LearningThis article is about a side project by Mary Kate MacPherson. We like to do side projects
81,https://medium.com/google-developer-experts/exploring-firebase-mlkit-on-android-face-detection-part-two-de7e307c52e0?source=---------31----------------,Exploring Firebase MLKit on Android: Face Detection (Part¬†Two)a
82,https://medium.com/nanonets/how-to-do-image-segmentation-using-deep-learning-c673cc5862ef?source=---------32----------------,How to do Semantic Segmentation using Deep¬†learningThis article is a comprehensive overview including a step-by-step guide to implement a deep learning image segmentation model.
83,https://medium.com/nanonets/topic-modeling-with-lsa-psla-lda-and-lda2vec-555ff65b0b05?source=---------33----------------,"How to easily do Topic Modeling with LSA, PLSA, LDA &¬†lda2VecThis article is a comprehensive overview of Topic Modeling and its associated techniques."
84,https://towardsdatascience.com/the-best-words-cf6fc2333c31?source=---------34----------------,The Best¬†WordsImitating Donald Trump‚Äôs Style Using Recurrent Neural Networks
85,https://blog.usejournal.com/a-simple-spell-checker-built-from-word-vectors-9f28452b6f26?source=---------35----------------,"A simple spell checker built from word¬†vectorsIf you have heard of word vectors, you will probably know they enable a type of"
86,https://heartbeat.fritz.ai/data-preprocessing-and-visualization-implications-for-your-machine-learning-model-8dfbaaa51423?source=---------36----------------,Data Preprocessing and Visualization: Implications for your machine learning¬†modela
87,https://towardsdatascience.com/when-your-job-is-done-as-a-data-scientist-c5d887bb0d0e?source=---------37----------------,When Your Job Is Done as a Data ScientistHow to deal with uncertainty and ship impactful work
88,https://medium.com/nanonets/how-to-easily-detect-objects-with-deep-learning-on-raspberrypi-225f29635c74?source=---------38----------------,How to easily Detect Objects with Deep Learning on Raspberry PiThe real world poses challenges like having limited data and having tiny hardware like Mobile Phones and Raspberry Pis which can‚Äôt run
89,https://towardsdatascience.com/support-vector-machine-introduction-to-machine-learning-algorithms-934a444fca47?source=---------39----------------,Support Vector Machine‚Ää‚Äî‚ÄäIntroduction to Machine Learning AlgorithmsSVM model from scratch
90,https://medium.com/swlh/the-beginners-guide-to-conversational-commerce-96f9c7dbaefb?source=---------40----------------,The beginner‚Äôs guide to conversational commercea
91,https://medium.com/@ageitgey/machine-learning-is-fun-part-4-modern-face-recognition-with-deep-learning-c3cffc121d78?source=---------41----------------,Machine Learning is Fun! Part 4: Modern Face Recognition with Deep¬†Learninga
92,https://towardsdatascience.com/the-big-list-of-ds-ml-interview-resources-2db4f651bd63?source=---------42----------------,The Big List of DS/ML Interview Resources50+ interviews worth of comprehensive data science resources
93,https://towardsdatascience.com/word2vec-a-baby-step-in-deep-learning-but-a-giant-leap-towards-natural-language-processing-40fe4e8602ba?source=---------43----------------,Word2Vec‚Ää‚Äî‚Ääa baby step in Deep Learning but a giant leap towards Natural Language Processinga
94,https://medium.com/nanonets/nanonets-how-to-use-deep-learning-when-you-have-limited-data-f68c0b512cab?source=---------44----------------,NanoNets¬†: How to use Deep Learning when you have Limited¬†Dataa
95,https://medium.com/emergent-future/simple-reinforcement-learning-with-tensorflow-part-0-q-learning-with-tables-and-neural-networks-d195264329d0?source=---------45----------------,Simple Reinforcement Learning with Tensorflow Part 0: Q-Learning with Tables and Neural¬†Networksa
96,https://medium.com/airbnb-engineering/categorizing-listing-photos-at-airbnb-f9483f3ab7e3?source=---------46----------------,Categorizing Listing Photos at¬†AirbnbLarge-scale deep learning models are changing the way we think
97,https://towardsdatascience.com/50-tensorflow-js-api-explained-in-5-minutes-tensorflow-js-cheetsheet-4f8c7f9cc8b2?source=---------47----------------,50 TensorFlow.js API Explained in 5 Minutes | TensorFlow.js Cheetsheet API Cheetsheet
98,https://towardsdatascience.com/what-frustrates-data-scientists-in-machine-learning-projects-3398919a7c79?source=---------48----------------,What frustrates Data Scientists in Machine Learning projects?a
99,https://medium.com/@Zelros/how-we-organized-the-largest-machine-learning-competition-of-the-year-524e811dca55?source=---------49----------------,How we Organized the Largest Machine Learning Competition of the¬†Yeara
100,https://towardsdatascience.com/chaos-is-needed-to-keep-us-smart-with-machine-learning-217cb8179fa3?source=---------50----------------,Chaos Is needed to keep us smart with Machine¬†LearningI like how machine learning has found its way into our lives and how it makes the interaction with technology far more lucid and natural than before. I love how you tube suggests me my next videos to watch based on what I watched
101,https://towardsdatascience.com/in-depth-summary-of-facebook-ais-music-translation-model-7516a0c3f2ce?source=---------51----------------,In-depth Summary of Facebook AI‚Äôs Music Translation Modela
102,https://medium.com/nanonets/how-to-use-deep-learning-when-you-have-limited-data-part-2-data-augmentation-c26971dc8ced?source=---------52----------------,"Data Augmentation | How to use Deep Learning when you have Limited Data‚Ää‚Äî‚ÄäPart¬†2This article is a comprehensive review of Data Augmentation techniques for Deep Learning, specific to images. This is Part 2 of How to use Deep Learning when you have Limited Data. Checkout"
103,https://medium.com/@tylerwalker/machine-learning-for-dummies-with-tensorflow-js-44795d3d825c?source=---------53----------------,Machine Learning for Dummies with TensorFlow.jsa
104,https://towardsdatascience.com/building-a-deep-neural-network-to-play-fifa-18-dce54d45e675?source=---------54----------------,Building a Deep Neural Network to play FIFA¬†18A.I. botsgaming are usually built by hand-coding a bunch of rules that
105,https://towardsdatascience.com/multi-class-text-classification-with-scikit-learn-12f1e60e0a9f?source=---------55----------------,Multi-Class Text Classification with Scikit-Learna
106,https://towardsdatascience.com/data-science-and-machine-learning-interview-questions-3f6207cf040b?source=---------56----------------,Data Science and Machine Learning Interview QuestionsAh the dreaded machine learning interview. You feel like you know everything‚Ä¶ until you‚Äôre tested on it! But it doesn‚Äôt have to be this way.
107,https://medium.com/xcblog/wwdc18-create-ml-complete-machine-learning-in-swift-90b0811ff76c?source=---------57----------------,WWDC18: Create ML-Complete Machine Learning in¬†Swifta
108,https://becominghuman.ai/cheat-sheets-for-ai-neural-networks-machine-learning-deep-learning-big-data-678c51b4b463?source=---------58----------------,"Cheat Sheets for AI, Neural Networks, Machine Learning, Deep Learning & Big¬†DataThe Most Complete List of Best AI Cheat SheetsOver the past few months, I have been collecting AI cheat sheets. From time to time I"
109,https://towardsdatascience.com/this-is-what-i-really-do-as-a-data-scientist-d637ed747ef9?source=---------59----------------,This is what I really do as a Data ScientistData Science is getting very popular and many people are trying to jump into the
110,https://towardsdatascience.com/whats-the-secret-sauce-to-transforming-into-a-unicorn-in-data-science-94082b01c39d?source=---------60----------------,What‚Äôs the secret sauce to transforming into a Unicorn in Data¬†Science?Rolesanalytics and picking
111,https://medium.com/density-inc/ai-is-not-magic-its-manual-labor-math-how-we-built-an-accurate-people-counter-e00408ea30de?source=---------61----------------,AI Is Not Magic; It‚Äôs Manual Labor (& Math)‚Ää‚Äî‚ÄäHow We Built An Accurate People¬†Countera
112,https://medium.com/iotforall/the-difference-between-artificial-intelligence-machine-learning-and-deep-learning-3aa67bff5991?source=---------62----------------,"The Difference Between Artificial Intelligence, Machine Learning, and Deep¬†LearningSimple explanations of Artificial Intelligence, Machine Learning, and Deep Learning and how they‚Äôre all different"
113,https://towardsdatascience.com/uncover-the-structure-of-tree-ensembles-in-python-a01f72ea54a2?source=---------63----------------,Uncover the structure of tree ensembles in¬†Pythona
114,https://towardsdatascience.com/ai-beyond-the-hype-3fd6b4b16c3c?source=---------64----------------,Artificial Intelligence: beyond the¬†hypeHow is Artificial Intelligence impacting our world? What are
115,https://towardsdatascience.com/linear-algebra-for-deep-learning-506c19c0d6fa?source=---------65----------------,Linear Algebra for Deep¬†LearningThe Math behind every deep learning program.
116,https://medium.com/@peter.roelants/tensorflow-estimator-dataset-apis-caeb71e6e196?source=---------66----------------,TensorFlow Estimator & Dataset¬†APIsHow to use the Estimator API 1.8 and Google Cloud.
117,https://towardsdatascience.com/interpretability-vs-accuracy-the-friction-that-defines-deep-learning-dae16c84db5c?source=---------67----------------,Interpretability vs. Accuracy: The Friction that Defines Deep¬†Learninga
118,https://towardsdatascience.com/automated-machine-learning-on-the-cloud-in-python-47cf568859f?source=---------68----------------,Automated Machine Learning on the Cloud in¬†PythonAn introduction to the future of data science
119,https://towardsdatascience.com/the-4-machine-learning-skills-you-wont-learn-in-school-or-moocs-c641cae24f1f?source=---------69----------------,The 4 Machine Learning Skills You Won‚Äôt Learn in School or¬†MOOCsa
120,https://towardsdatascience.com/machine-learning-kaggle-competition-part-one-getting-started-32fb9ff47426?source=---------70----------------,Machine Learning Kaggle Competition Part One: Getting¬†StartedLearning the Kaggle Environment and an
121,https://techburst.io/python-top-10-articles-june-2018-fb96d87f66b7?source=---------71----------------,Python Top 10 Articles‚Ää‚Äî‚ÄäJune¬†2018What‚Äôs trendingPython?
122,https://blog.bitsrc.io/11-javascript-machine-learning-libraries-to-use-in-your-app-c49772cca46c?source=---------72----------------,11 Javascript Machine Learning Libraries To Use In Your¬†Appa
123,https://medium.com/@pmin91/aspect-based-opinion-mining-nlp-with-python-a53eb4752800?source=---------73----------------,"Aspect-Based Opinion Mining (NLP with¬†Python)If you‚Äôve heard of Uber or Amazon, you may be one of 40 million (Uber) or over"
124,https://medium.com/@ageitgey/machine-learning-is-fun-part-2-a26a10b68df3?source=---------74----------------,Machine Learning is Fun! Part¬†2Using Machine Learning to generate Super Mario Maker levels
125,https://towardsdatascience.com/human-like-machine-hearing-with-ai-1-3-a5713af6e2f8?source=---------75----------------,Human-Like Machine Hearing With AI¬†(1/3)Applying neural networksreal-time audio signal processing
126,https://towardsdatascience.com/how-are-logistic-regression-ordinary-least-squares-regression-related-1deab32d79f5?source=---------76----------------,How are Logistic Regression & Ordinary Least Squares Regression (Linear Regression) Related? Why the ‚ÄúRegression‚Äù in‚Ä¶a
127,https://medium.com/@tomaszdudek/but-what-is-this-machine-learning-engineer-actually-doing-18464d5c699?source=---------77----------------,But what is this ‚Äúmachine learning engineer‚Äù actually¬†doing?a
128,https://blog.insightdatascience.com/reinforcement-learning-from-scratch-819b65f074d8?source=---------0----------------,Reinforcement Learning from¬†scratchInspired by a great tutorial at O‚ÄôReilly AI
129,https://towardsdatascience.com/intuitively-understanding-convolutions-for-deep-learning-1f6f42faee1?source=---------1----------------,Intuitively Understanding Convolutions for Deep¬†LearningExploring the strong visual hierarchies that
130,https://medium.freecodecamp.org/machine-learning-how-to-go-from-zero-to-hero-40e26f8aa6da?source=---------2----------------,Machine Learning: how to go from Zero to¬†HeroStart with ‚ÄúWhy?‚Äù and end with ‚ÄúI‚Äôm ready!‚Äù
131,https://blog.usejournal.com/what-i-learned-from-interviewing-at-multiple-ai-companies-and-start-ups-a9620415e4cc?source=---------3----------------,What I learned from interviewing at multiple AI companies and start-upsa
132,https://towardsdatascience.com/must-know-information-theory-concepts-in-deep-learning-ai-e54a5da9769d?source=---------4----------------,Must know Information Theory concepts in Deep Learning¬†(AI)a
133,https://towardsdatascience.com/using-deep-q-learning-in-fifa-18-to-perfect-the-art-of-free-kicks-f2e4e979ee66?source=---------5----------------,Using Deep Q-Learning in FIFA 18 to perfect the art of free-kicksa
134,https://towardsdatascience.com/how-to-build-your-own-neural-network-from-scratch-in-python-68998a08e4f6?source=---------6----------------,How to build your own Neural Network from scratch in¬†PythonA beginner‚Äôs guide to understanding the
135,https://medium.com/nanonets/how-we-flew-a-drone-to-monitor-construction-projects-in-africa-using-deep-learning-b792f5c9c471?source=---------7----------------,How to easily automate Drone-based monitoring using Deep¬†LearningThis article is a comprehensive overview of using deep learning based object detection methods for aerial imagery via drones.
136,https://heartbeat.fritz.ai/the-7-nlp-techniques-that-will-change-how-you-communicate-in-the-future-part-i-f0114b2f0497?source=---------8----------------,The 7 NLP Techniques That Will Change How You Communicate in the Future (Part¬†I)What is NLP?
137,https://towardsdatascience.com/why-data-scientists-love-gaussian-6e7a7b726859?source=---------9----------------,Why Data Scientists love Gaussian?Three main reasons why Gaussian distribution is so popular with
138,https://medium.com/machine-learning-for-humans/why-machine-learning-matters-6164faf1df12?source=---------10----------------,"A Beginner‚Äôs Guide to AI/ML¬†ü§ñüë∂The ultimate guide to machine learning. Simple, plain-English"
139,https://towardsdatascience.com/drawing-anime-girls-with-deep-learning-4fa6523eb4d4?source=---------11----------------,Drawing Anime Girls With Deep¬†LearningThis article is about a side project by Mary Kate MacPherson. We like to do side projects
140,https://medium.com/nanonets/how-to-do-image-segmentation-using-deep-learning-c673cc5862ef?source=---------12----------------,How to do Semantic Segmentation using Deep¬†learningThis article is a comprehensive overview including a step-by-step guide to implement a deep learning image segmentation model.
141,https://medium.com/nanonets/topic-modeling-with-lsa-psla-lda-and-lda2vec-555ff65b0b05?source=---------13----------------,"How to easily do Topic Modeling with LSA, PLSA, LDA &¬†lda2VecThis article is a comprehensive overview of Topic Modeling and its associated techniques."
142,https://towardsdatascience.com/the-best-words-cf6fc2333c31?source=---------14----------------,The Best¬†WordsImitating Donald Trump‚Äôs Style Using Recurrent Neural Networks
143,https://medium.com/nanonets/how-to-easily-detect-objects-with-deep-learning-on-raspberrypi-225f29635c74?source=---------15----------------,How to easily Detect Objects with Deep Learning on Raspberry PiThe real world poses challenges like having limited data and having tiny hardware like Mobile Phones and Raspberry Pis which can‚Äôt run
144,https://medium.com/@ageitgey/machine-learning-is-fun-part-4-modern-face-recognition-with-deep-learning-c3cffc121d78?source=---------16----------------,Machine Learning is Fun! Part 4: Modern Face Recognition with Deep¬†Learninga
145,https://towardsdatascience.com/word2vec-a-baby-step-in-deep-learning-but-a-giant-leap-towards-natural-language-processing-40fe4e8602ba?source=---------17----------------,Word2Vec‚Ää‚Äî‚Ääa baby step in Deep Learning but a giant leap towards Natural Language Processinga
146,https://medium.com/emergent-future/simple-reinforcement-learning-with-tensorflow-part-0-q-learning-with-tables-and-neural-networks-d195264329d0?source=---------18----------------,Simple Reinforcement Learning with Tensorflow Part 0: Q-Learning with Tables and Neural¬†Networksa
147,https://medium.com/airbnb-engineering/categorizing-listing-photos-at-airbnb-f9483f3ab7e3?source=---------19----------------,Categorizing Listing Photos at¬†AirbnbLarge-scale deep learning models are changing the way we think
148,https://towardsdatascience.com/in-depth-summary-of-facebook-ais-music-translation-model-7516a0c3f2ce?source=---------20----------------,In-depth Summary of Facebook AI‚Äôs Music Translation Modela
149,https://medium.com/nanonets/how-to-use-deep-learning-when-you-have-limited-data-part-2-data-augmentation-c26971dc8ced?source=---------21----------------,"Data Augmentation | How to use Deep Learning when you have Limited Data‚Ää‚Äî‚ÄäPart¬†2This article is a comprehensive review of Data Augmentation techniques for Deep Learning, specific to images. This is Part 2 of How to use Deep Learning when you have Limited Data. Checkout"
150,https://medium.com/@ablacklama/lyft-segmentation-challenge-9c77bb8b497c?source=---------22----------------,"Lyft Segmentation ChallengeIn May, 2018, Udacity and Lyft partnered together to challenge their self driving car students. Each"
151,https://towardsdatascience.com/building-a-deep-neural-network-to-play-fifa-18-dce54d45e675?source=---------23----------------,Building a Deep Neural Network to play FIFA¬†18A.I. botsgaming are usually built by hand-coding a bunch of rules that
152,https://becominghuman.ai/cheat-sheets-for-ai-neural-networks-machine-learning-deep-learning-big-data-678c51b4b463?source=---------24----------------,"Cheat Sheets for AI, Neural Networks, Machine Learning, Deep Learning & Big¬†DataThe Most Complete List of Best AI Cheat SheetsOver the past few months, I have been collecting AI cheat sheets. From time to time I"
153,https://medium.com/density-inc/ai-is-not-magic-its-manual-labor-math-how-we-built-an-accurate-people-counter-e00408ea30de?source=---------25----------------,AI Is Not Magic; It‚Äôs Manual Labor (& Math)‚Ää‚Äî‚ÄäHow We Built An Accurate People¬†Countera
154,https://medium.com/iotforall/the-difference-between-artificial-intelligence-machine-learning-and-deep-learning-3aa67bff5991?source=---------26----------------,"The Difference Between Artificial Intelligence, Machine Learning, and Deep¬†LearningSimple explanations of Artificial Intelligence, Machine Learning, and Deep Learning and how they‚Äôre all different"
155,https://towardsdatascience.com/linear-algebra-for-deep-learning-506c19c0d6fa?source=---------27----------------,Linear Algebra for Deep¬†LearningThe Math behind every deep learning program.
156,https://medium.com/@peter.roelants/tensorflow-estimator-dataset-apis-caeb71e6e196?source=---------28----------------,TensorFlow Estimator & Dataset¬†APIsHow to use the Estimator API 1.8 and Google Cloud.
157,https://towardsdatascience.com/interpretability-vs-accuracy-the-friction-that-defines-deep-learning-dae16c84db5c?source=---------29----------------,Interpretability vs. Accuracy: The Friction that Defines Deep¬†Learninga
158,https://medium.com/mlreview/multi-modal-methods-image-captioning-from-translation-to-attention-895b6444256e?source=---------30----------------,Multi-Modal Methods: Image Captioning (From Translation to Attention)a
159,https://towardsdatascience.com/data-science-for-startups-introduction-80d022a18aec?source=---------31----------------,Data Science for Startups: IntroductionI recently changed industries and joined a startup company where I‚Äôm responsible for
160,https://towardsdatascience.com/semantic-code-search-3cd6d244a39c?source=---------32----------------,How To Create Natural Language Semantic Search For Arbitrary Objects With Deep¬†Learninga
161,https://towardsdatascience.com/wth-does-a-neural-network-even-learn-a-newcomers-dilemma-bd8d1bbbed89?source=---------33----------------,‚ÄúWTH does a neural network even learn?‚Äù‚Ää‚Äî‚ÄäA newcomer‚Äôs dilemmaa
162,https://medium.com/machine-learning-in-practice/over-150-of-the-best-machine-learning-nlp-and-python-tutorials-ive-found-ffce2939bd78?source=---------34----------------,"Over 150 of the Best Machine Learning, NLP, and Python Tutorials I‚Äôve¬†FoundMachine LearningPracticeIf you like this article, check out another by Robbie: The AI Entrepreneur‚Äôs Moral Dilemma"
163,https://medium.com/intuitionmachine/the-illusion-of-the-ungameable-objective-538a96a53efe?source=---------35----------------,The Illusion of The ‚ÄúUngameable‚Äù Objective‚ÄúUngameable‚Äù isn‚Äôt a word. I just made it up. It‚Äôs an adjective that describes a set
164,https://medium.com/machine-learning-for-humans/supervised-learning-740383a2feab?source=---------36----------------,"Machine Learning for Humans, Part 2.1: Supervised LearningThe two tasks of supervised learning"
165,https://medium.com/@ageitgey/machine-learning-is-fun-part-3-deep-learning-and-convolutional-neural-networks-f40359318721?source=---------37----------------,Machine Learning is Fun! Part 3: Deep Learning and Convolutional Neural¬†Networksa
166,https://towardsdatascience.com/pytorch-vs-tensorflow-spotting-the-difference-25c75777377b?source=---------38----------------,PyTorch vs TensorFlow‚Ää‚Äî‚Ääspotting the differencea
167,https://medium.com/applied-data-science/how-to-build-your-own-world-model-using-python-and-keras-64fb388ba459?source=---------39----------------,Hallucinogenic Deep Reinforcement Learning Using Python and¬†KerasTeaching a machine to master car racing and fireball avoidance through ‚ÄúWorld Models‚Äù
168,https://towardsdatascience.com/the-fall-of-rnn-lstm-2d1594c74ce0?source=---------40----------------,"The fall of RNN /¬†LSTMWe fell for Recurrent neural networks (RNN), Long-short term memory (LSTM), and all their variants. Now it is time to"
169,https://towardsdatascience.com/an-introduction-to-recurrent-neural-networks-72c97bf0912?source=---------41----------------,An Introduction to Recurrent Neural¬†NetworksA way to teach Machines how to comprehend Natural
170,https://medium.com/@l2k/starting-a-second-machine-learning-tools-company-ten-years-later-21a40324d091?source=---------42----------------,"Starting a Second Machine Learning Tools Company, Ten Years¬†Latera"
171,https://medium.com/tensorflow/hello-deep-learning-fashion-mnist-with-keras-50fcff8cd74a?source=---------43----------------,Fashion-MNIST with¬†tf.KerasDeep Learning for Everyone
172,https://towardsdatascience.com/deep-learning-meets-physics-restricted-boltzmann-machines-part-i-6df5c4918c15?source=---------44----------------,Deep Learning meets Physics: Restricted Boltzmann Machines Part¬†ITheory behind Restricted Boltzmann
173,https://towardsdatascience.com/deep-learning-tips-and-tricks-1ef708ec5f53?source=---------45----------------,"Deep Learning Tips and¬†TricksBelow is a distilled collection of conversations, messages, and debates I‚Äôve had with peers and students on"
174,https://medium.freecodecamp.org/an-introduction-to-reinforcement-learning-4339519de419?source=---------46----------------,An introduction to Reinforcement LearningReinforcement learning is an important type of Machine Learning where an agent learn
175,https://towardsdatascience.com/intuitively-understanding-variational-autoencoders-1bfe67eb5daf?source=---------47----------------,Intuitively Understanding Variational AutoencodersAnd why they‚Äôre so usefulcreating your own
176,https://medium.com/huggingface/universal-word-sentence-embeddings-ce48ddc8fc3a?source=---------48----------------,üìöThe Current Best of Universal Word Embeddings and Sentence Embeddingsa
177,https://towardsdatascience.com/how-to-use-dataset-in-tensorflow-c758ef9e4428?source=---------49----------------,How to use Dataset in TensorFlowThe built-in Input Pipeline. Never use ‚Äòfeed-dict‚Äô anymore
178,https://medium.com/@brainhash/getting-most-out-of-a-deep-learning-course-965732e14005?source=---------50----------------,"Done with a Deep Learning Course. What¬†next?It‚Äôs a great feeling to get through an online course these days. And yet, a very few make it through.Congratulations! You have completed this Deep learning course"
179,https://medium.com/bcggamma/staying-on-course-data-workflows-are-your-friend-adcc57ab4a93?source=---------51----------------,Staying on Course: Data Workflows are Your¬†Frienda
180,https://towardsdatascience.com/taming-lstms-variable-sized-mini-batches-and-why-pytorch-is-good-for-your-health-61d35642972e?source=---------52----------------,Taming LSTMs: Variable-sized mini-batches and why PyTorch is good for your¬†healtha
181,https://towardsdatascience.com/linear-regression-simplified-ordinary-least-square-vs-gradient-descent-48145de2cf76?source=---------53----------------,Linear Regression Simplified - Ordinary Least Square vs Gradient¬†Descenta
182,https://hackernoon.com/my-machine-learning-path-cb6edab4630?source=---------54----------------,"My Machine Learning¬†PathWith a Decent GPUplace, I think I‚Äôm ready to start on this Journey that I have been aiming for since freshman"
183,https://towardsdatascience.com/diy-deep-learning-projects-c2e0fac3274f?source=---------55----------------,"DIY Deep Learning¬†ProjectsInspired by the great work of Akshay Bahadurthis article you will see some projects applying Computer Vision and Deep Learning, with implementations and details so you can"
184,https://towardsdatascience.com/regularization-in-machine-learning-76441ddcf99a?source=---------56----------------,Regularization in Machine¬†LearningOne of the major aspects of training your machine learning model is avoiding overfitting. The model
